{"accuracy": [0.6271712183952332, 0.8701187968254089, 0.9220855236053467, 0.9431681036949158, 0.9575930237770081, 0.966825544834137, 0.9733836054801941, 0.9775944352149963, 0.9803400039672852, 0.9820470809936523], "loss": [1.2490975856781006, 0.4045428931713104, 0.2389393299818039, 0.17203925549983978, 0.12696155905723572, 0.10056671500205994, 0.08292790502309799, 0.06949202716350555, 0.06060880795121193, 0.05354881286621094], "val_accuracy": [0.8378670811653137, 0.9066696763038635, 0.9440587162971497, 0.9376280307769775, 0.9595947861671448, 0.9659686088562012, 0.9616435170173645, 0.9642044305801392, 0.9638060331344604, 0.9664238691329956], "val_loss": [0.5180577635765076, 0.2867985665798187, 0.17565181851387024, 0.19562514126300812, 0.13122107088565826, 0.10646850615739822, 0.12201909720897675, 0.11664927750825882, 0.12614931166172028, 0.11555735021829605]}